{
  "problem": {
    "n": 9,
    "couplings": 36,
    "weight_scheme": "generation_inverted",
    "penalties": {
      "generator_spread": {
        "factor": 0.5,
        "coefficient": 1.7841704768125408
      },
      "balance": {
        "factor": 0.15,
        "coefficient": 0.5352511430437622
      }
    },
    "ising_offset": 11.282584177008495
  },
  "landscape": {
    "optimum": 4.960494693011103,
    "mean": 11.282584177008491,
    "worst": 21.54385850751143,
    "n_optimal_states": 2,
    "states_within_5pct": 2,
    "optimal_partition": {
      "A": [
        "arenal",
        "canas",
        "corobici",
        "papagayo"
      ],
      "B": [
        "liberia",
        "miravalles",
        "mogote",
        "nuevo colon",
        "pailas"
      ]
    },
    "sdp_certified_lower_bound": 3.921422630168287
  },
  "methods": {
    "brute_force": {
      "energy": {
        "cut_objective": 1.2583409536250818,
        "generator_spread_penalty": 3.5683409536250816,
        "balance_penalty": 0.13381278576094102,
        "total": 4.960494693011105
      },
      "time_ms": 4.416250012582168
    },
    "greedy": {
      "energy": {
        "cut_objective": 1.2583409536250818,
        "generator_spread_penalty": 3.5683409536250816,
        "balance_penalty": 0.13381278576094102,
        "total": 4.960494693011105
      },
      "time_ms": 0.7367499929387122,
      "restart_energies": [
        5.7609545231874595,
        6.314988487916394,
        5.544988487916395,
        7.599285679294579,
        7.270824542782496,
        7.272911414108425,
        5.516699787720445,
        5.730494693011105,
        4.960494693011105,
        6.260827808621815,
        6.087244529719138,
        6.314988487916394,
        5.544988487916395,
        9.085040741345527,
        5.730494693011105,
        5.730494693011105,
        5.7609545231874595,
        5.702535842586545,
        5.544988487916395,
        5.516699787720445
      ],
      "restarts_finding_optimum": 1
    },
    "goemans_williamson": {
      "energy": {
        "cut_objective": 1.2583409536250818,
        "generator_spread_penalty": 3.5683409536250816,
        "balance_penalty": 0.13381278576094102,
        "total": 4.960494693011105
      },
      "time_ms": 25.550124992150813,
      "single_trial_energies": [
        4.960494693011105,
        6.087244529719138,
        5.702535842586545,
        5.702535842586545,
        5.5166997877204444,
        4.960494693011105,
        4.960494693011103,
        4.960494693011105,
        4.960494693011103,
        4.960494693011105,
        5.7609545231874595,
        5.7025358425865456,
        5.702535842586545,
        5.7609545231874595,
        5.7609545231874595,
        5.7025358425865456,
        5.786742243631613,
        5.786742243631613,
        4.960494693011103,
        6.087244529719139,
        5.7609545231874595,
        5.702535842586545,
        4.960494693011105,
        4.960494693011103,
        5.7609545231874595
      ],
      "trials_finding_optimum": 9,
      "sdp_bound_augmented_cut": 8.811217938671572
    },
    "qaoa_helios": {
      "energy": {
        "cut_objective": 1.2583409536250825,
        "generator_spread_penalty": 3.5683409536250816,
        "balance_penalty": 0.13381278576094102,
        "total": 4.960494693011103
      },
      "mean_shot_energy": 8.14286257805356,
      "quality": 0.4966272000581871,
      "p_optimal": 0.032,
      "first_optimal_shot": 50,
      "job_id": "7a37980d-63b2-4524-9904-f607424bda25"
    }
  }
}