{
  "metadata": {
    "weight_scheme": "generation_inverted",
    "maximize_cut": false,
    "n_variables": 9,
    "n_edges": 9,
    "max_edge_weight": 16.10635532331809,
    "generator_nodes": [
      "arenal",
      "canas",
      "corobici",
      "liberia",
      "miravalles",
      "mogote",
      "pailas"
    ],
    "n_generator_nodes": 7,
    "n_generator_pairs": 21,
    "penalties": {
      "generator_spread": {
        "factor": 0.5,
        "coefficient": 8.053177661659046
      },
      "balance": {
        "factor": 0.15,
        "coefficient": 2.4159532984977137
      }
    },
    "build_date": "2026-07-23",
    "source_graph": "grid_cr.json",
    "region": "guanacaste_north"
  },
  "variables": [
    "arenal",
    "canas",
    "corobici",
    "liberia",
    "miravalles",
    "mogote",
    "nuevo colon",
    "pailas",
    "papagayo"
  ],
  "qubo": {
    "linear": {
      "0": -45.73450424559111,
      "1": -52.13855388634879,
      "2": -49.168011757021546,
      "3": -52.18105551926844,
      "4": -38.867489222730235,
      "5": -37.453576747224034,
      "6": -20.09762638798171,
      "7": -45.87722142390594,
      "8": -18.583498367080338
    },
    "quadratic": {
      "0,1": 20.93826192031352,
      "0,2": 2.4595813193990814,
      "0,3": 20.93826192031352,
      "0,4": -4.407433703461795,
      "0,5": 20.93826192031352,
      "0,6": 4.831906596995427,
      "0,7": 20.93826192031352,
      "0,8": 4.831906596995427,
      "1,2": 2.4595813193990814,
      "1,3": 8.400665578053557,
      "1,4": 20.93826192031352,
      "1,5": 20.93826192031352,
      "1,6": 4.831906596995427,
      "1,7": 20.93826192031352,
      "1,8": 4.831906596995427,
      "2,3": 20.93826192031352,
      "2,4": 20.93826192031352,
      "2,5": 20.93826192031352,
      "2,6": 4.831906596995427,
      "2,7": 20.93826192031352,
      "2,8": 4.831906596995427,
      "3,4": 20.93826192031352,
      "3,5": 20.93826192031352,
      "3,6": 4.831906596995427,
      "3,7": 5.572840627041147,
      "3,8": 1.803650555192684,
      "4,5": -11.274448726322664,
      "4,6": 4.831906596995427,
      "4,7": 20.93826192031352,
      "4,8": 4.831906596995427,
      "5,6": 4.831906596995427,
      "5,7": -7.235258654474205,
      "5,8": 4.831906596995427,
      "6,7": 4.831906596995427,
      "6,8": 6.371906596995427,
      "7,8": 4.831906596995427
    },
    "offset": 218.0397851894187
  },
  "ising": {
    "h": [
      0.0,
      0.0,
      0.0,
      -6.217248937900877e-15,
      -3.552713678800501e-15,
      0.0,
      -8.881784197001252e-16,
      0.0,
      8.881784197001252e-16
    ],
    "J": {
      "0,1": 5.23456548007838,
      "0,2": 0.6148953298497704,
      "0,3": 5.23456548007838,
      "0,4": -1.1018584258654487,
      "0,5": 5.23456548007838,
      "0,6": 1.2079766492488568,
      "0,7": 5.23456548007838,
      "0,8": 1.2079766492488568,
      "1,2": 0.6148953298497704,
      "1,3": 2.1001663945133893,
      "1,4": 5.23456548007838,
      "1,5": 5.23456548007838,
      "1,6": 1.2079766492488568,
      "1,7": 5.23456548007838,
      "1,8": 1.2079766492488568,
      "2,3": 5.23456548007838,
      "2,4": 5.23456548007838,
      "2,5": 5.23456548007838,
      "2,6": 1.2079766492488568,
      "2,7": 5.23456548007838,
      "2,8": 1.2079766492488568,
      "3,4": 5.23456548007838,
      "3,5": 5.23456548007838,
      "3,6": 1.2079766492488568,
      "3,7": 1.3932101567602868,
      "3,8": 0.450912638798171,
      "4,5": -2.818612181580666,
      "4,6": 1.2079766492488568,
      "4,7": 5.23456548007838,
      "4,8": 1.2079766492488568,
      "5,6": 1.2079766492488568,
      "5,7": -1.8088146636185511,
      "5,8": 1.2079766492488568,
      "6,7": 1.2079766492488568,
      "6,8": 1.5929766492488568,
      "7,8": 1.2079766492488568
    },
    "offset": 128.0144008001307
  }
}