{
  "metadata": {
    "weight_scheme": "generation_inverted",
    "maximize_cut": false,
    "n_variables": 9,
    "n_edges": 9,
    "max_edge_weight": 3.5683409536250816,
    "generator_nodes": [
      "arenal",
      "corobici",
      "miravalles",
      "pailas"
    ],
    "n_generator_nodes": 4,
    "n_generator_pairs": 6,
    "penalties": {
      "generator_spread": {
        "factor": 0.5,
        "coefficient": 1.7841704768125408
      },
      "balance": {
        "factor": 0.15,
        "coefficient": 0.5352511430437622
      }
    },
    "build_date": "2026-07-23",
    "source_graph": "grid_cr.json",
    "region": "guanacaste_north"
  },
  "variables": [
    "arenal",
    "canas",
    "corobici",
    "liberia",
    "miravalles",
    "mogote",
    "nuevo colon",
    "pailas",
    "papagayo"
  ],
  "qubo": {
    "linear": {
      "0": -4.2257615937295885,
      "1": -4.253720444154148,
      "2": -6.995813847158719,
      "3": -4.307881123448726,
      "4": -3.539967994774657,
      "5": -0.2416694970607436,
      "6": -5.052009144350098,
      "7": -6.6062645329849765,
      "8": -5.822009144350098
    },
    "quadratic": {
      "0,1": 1.0705022860875244,
      "0,2": 0.9580071848465057,
      "0,3": 1.0705022860875244,
      "0,4": -2.4978386675375575,
      "0,5": 1.0705022860875244,
      "0,6": 1.0705022860875244,
      "0,7": 4.638843239712606,
      "0,8": 1.0705022860875244,
      "1,2": -0.5260751143043763,
      "1,3": 2.6105022860875247,
      "1,4": 1.0705022860875244,
      "1,5": 1.0705022860875244,
      "1,6": 1.0705022860875244,
      "1,7": 1.0705022860875244,
      "1,8": 1.0705022860875244,
      "2,3": 1.0705022860875244,
      "2,4": 4.638843239712606,
      "2,5": 1.0705022860875244,
      "2,6": 1.0705022860875244,
      "2,7": 4.638843239712606,
      "2,8": 1.0705022860875244,
      "3,4": 1.0705022860875244,
      "3,5": 1.0705022860875244,
      "3,6": 1.0705022860875244,
      "3,7": -1.957753755715219,
      "3,8": 2.6105022860875247,
      "4,5": -3.981920966688439,
      "4,6": 1.0705022860875244,
      "4,7": 4.638843239712606,
      "4,8": 1.0705022860875244,
      "5,6": 1.0705022860875244,
      "5,7": -1.957753755715219,
      "5,8": 1.0705022860875244,
      "6,7": 1.0705022860875244,
      "6,8": 2.6105022860875247,
      "7,8": 1.0705022860875244
    },
    "offset": 21.54385850751143
  },
  "ising": {
    "h": [
      3.3306690738754696e-16,
      -1.1102230246251565e-16,
      -5.551115123125783e-16,
      -3.3306690738754696e-16,
      3.3306690738754696e-16,
      -5.551115123125783e-16,
      -1.1102230246251565e-16,
      -3.3306690738754696e-16,
      -1.1102230246251565e-16
    ],
    "J": {
      "0,1": 0.2676255715218811,
      "0,2": 0.23950179621162643,
      "0,3": 0.2676255715218811,
      "0,4": -0.6244596668843894,
      "0,5": 0.2676255715218811,
      "0,6": 0.2676255715218811,
      "0,7": 1.1597108099281515,
      "0,8": 0.2676255715218811,
      "1,2": -0.13151877857609406,
      "1,3": 0.6526255715218812,
      "1,4": 0.2676255715218811,
      "1,5": 0.2676255715218811,
      "1,6": 0.2676255715218811,
      "1,7": 0.2676255715218811,
      "1,8": 0.2676255715218811,
      "2,3": 0.2676255715218811,
      "2,4": 1.1597108099281515,
      "2,5": 0.2676255715218811,
      "2,6": 0.2676255715218811,
      "2,7": 1.1597108099281515,
      "2,8": 0.2676255715218811,
      "3,4": 0.2676255715218811,
      "3,5": 0.2676255715218811,
      "3,6": 0.2676255715218811,
      "3,7": -0.48943843892880473,
      "3,8": 0.6526255715218812,
      "4,5": -0.9954802416721098,
      "4,6": 0.2676255715218811,
      "4,7": 1.1597108099281515,
      "4,8": 0.2676255715218811,
      "5,6": 0.2676255715218811,
      "5,7": -0.48943843892880473,
      "5,8": 0.2676255715218811,
      "6,7": 0.2676255715218811,
      "6,8": 0.6526255715218812,
      "7,8": 0.2676255715218811
    },
    "offset": 11.282584177008495
  },
  "cost_hamiltonian": {
    "n_qubits": 9,
    "terms": [
      {
        "qubits": [
          0
        ],
        "coeff": 3.3306690738754696e-16
      },
      {
        "qubits": [
          1
        ],
        "coeff": -1.1102230246251565e-16
      },
      {
        "qubits": [
          2
        ],
        "coeff": -5.551115123125783e-16
      },
      {
        "qubits": [
          3
        ],
        "coeff": -3.3306690738754696e-16
      },
      {
        "qubits": [
          4
        ],
        "coeff": 3.3306690738754696e-16
      },
      {
        "qubits": [
          5
        ],
        "coeff": -5.551115123125783e-16
      },
      {
        "qubits": [
          6
        ],
        "coeff": -1.1102230246251565e-16
      },
      {
        "qubits": [
          7
        ],
        "coeff": -3.3306690738754696e-16
      },
      {
        "qubits": [
          8
        ],
        "coeff": -1.1102230246251565e-16
      },
      {
        "qubits": [
          0,
          1
        ],
        "coeff": 0.2676255715218811
      },
      {
        "qubits": [
          0,
          2
        ],
        "coeff": 0.23950179621162643
      },
      {
        "qubits": [
          0,
          3
        ],
        "coeff": 0.2676255715218811
      },
      {
        "qubits": [
          0,
          4
        ],
        "coeff": -0.6244596668843894
      },
      {
        "qubits": [
          0,
          5
        ],
        "coeff": 0.2676255715218811
      },
      {
        "qubits": [
          0,
          6
        ],
        "coeff": 0.2676255715218811
      },
      {
        "qubits": [
          0,
          7
        ],
        "coeff": 1.1597108099281515
      },
      {
        "qubits": [
          0,
          8
        ],
        "coeff": 0.2676255715218811
      },
      {
        "qubits": [
          1,
          2
        ],
        "coeff": -0.13151877857609406
      },
      {
        "qubits": [
          1,
          3
        ],
        "coeff": 0.6526255715218812
      },
      {
        "qubits": [
          1,
          4
        ],
        "coeff": 0.2676255715218811
      },
      {
        "qubits": [
          1,
          5
        ],
        "coeff": 0.2676255715218811
      },
      {
        "qubits": [
          1,
          6
        ],
        "coeff": 0.2676255715218811
      },
      {
        "qubits": [
          1,
          7
        ],
        "coeff": 0.2676255715218811
      },
      {
        "qubits": [
          1,
          8
        ],
        "coeff": 0.2676255715218811
      },
      {
        "qubits": [
          2,
          3
        ],
        "coeff": 0.2676255715218811
      },
      {
        "qubits": [
          2,
          4
        ],
        "coeff": 1.1597108099281515
      },
      {
        "qubits": [
          2,
          5
        ],
        "coeff": 0.2676255715218811
      },
      {
        "qubits": [
          2,
          6
        ],
        "coeff": 0.2676255715218811
      },
      {
        "qubits": [
          2,
          7
        ],
        "coeff": 1.1597108099281515
      },
      {
        "qubits": [
          2,
          8
        ],
        "coeff": 0.2676255715218811
      },
      {
        "qubits": [
          3,
          4
        ],
        "coeff": 0.2676255715218811
      },
      {
        "qubits": [
          3,
          5
        ],
        "coeff": 0.2676255715218811
      },
      {
        "qubits": [
          3,
          6
        ],
        "coeff": 0.2676255715218811
      },
      {
        "qubits": [
          3,
          7
        ],
        "coeff": -0.48943843892880473
      },
      {
        "qubits": [
          3,
          8
        ],
        "coeff": 0.6526255715218812
      },
      {
        "qubits": [
          4,
          5
        ],
        "coeff": -0.9954802416721098
      },
      {
        "qubits": [
          4,
          6
        ],