{"gamma": 0.2923076923076923, "beta": 1.2037075582581973, "E_min": 4.960494693011103, "E_mean_random": 11.282584177008491, "optimal_states": [248], "expected_E": 7.917587580397479, "p_optimal": 0.015623167528307537}